cip,sport,dstip,dsport,proto,state,dur,sbytes,dbytes,sttl,dttl,sloss,dloss,service,sload,dload,spkts,dpkts,swin,dwin,stcpb,dtcpb,smeansz,dmeansz,trans_depth,res_bdy_len,sjit,djit,stime,ltime,sintpkt,dintpkt,tcprtt,synack,ackdat,is_sm_ips_ports,ct_state_ttl,ct_flw_http_mthd,is_ftp_login,ct_ftp_cmd,ct_srv_src,ct_srv_dst,ct_dst_ltm,ct_src__ltm,ct_src_dport_ltm,ct_dst_sport_ltm,ct_dst_src_ltm
0.0,54197,0.0,1900,udp,INT,1e-06,167,0,255,0,0,0,other,167000000.0,0.0,1,0,0,0,0,0,167.0,0.0,0,0,0.0,0.0,1771531371.639368,1771531371.639368,0.0,0.0,0.0,0.0,0.0,0,24,0,0,0,2,5,5,2,1,1,1
0.0,5353,0.0,5353,udp,INT,1e-06,311,0,1,0,0,0,other,311000000.0,0.0,1,0,0,0,0,0,311.0,0.0,0,0,0.0,0.0,1771531371.741755,1771531371.741755,0.0,0.0,0.0,0.0,0.0,1,14,0,0,0,1,27,27,1,1,27,1
0.0,5353,0.0,5353,udp,INT,35.87498497962952,2768,0,255,0,0,0,other,77.15682672959227,0.0,12,0,0,0,0,0,230.66666666666666,0.0,0,0,3.746235134597314,0.0,1771531372.143172,1771531408.018157,3.2613622708754106,0.0,0.0,0.0,0.0,1,24,0,0,0,2,27,27,2,1,27,1
0.0,5353,0.0,5353,udp,INT,24.04346203804016,1164,0,255,0,0,0,other,48.41232922939247,0.0,3,0,0,0,0,0,388.0,0.0,0,0,3.9509559869766235,0.0,1771531372.171956,1771531396.215418,12.02173101902008,0.0,0.0,0.0,0.0,1,24,0,0,0,1,27,27,1,1,27,1
0.0,5353,0.0,5353,udp,INT,40.03437399864197,357,0,255,0,0,0,other,8.917336886849037,0.0,3,0,0,0,0,0,119.0,0.0,0,0,0.04941284656524658,0.0,1771531372.872451,1771531412.906825,20.017186999320984,0.0,0.0,0.0,0.0,1,24,0,0,0,2,27,27,2,1,27,1
0.0,5353,0.0,5353,udp,INT,34.26467704772949,6996,0,255,0,0,0,other,204.17527911483938,0.0,12,0,0,0,0,0,583.0,0.0,0,0,2.3724201036702786,0.0,1771531372.958265,1771531407.222942,3.114970640702681,0.0,0.0,0.0,0.0,1,24,0,0,0,1,27,27,1,1,27,1
0.0,5353,0.0,5353,udp,INT,40.03831601142883,309,0,255,0,0,0,other,7.717607301760562,0.0,3,0,0,0,0,0,103.0,0.0,0,0,0.13261687755584717,0.0,1771531373.175396,1771531413.213712,20.019158005714417,0.0,0.0,0.0,0.0,1,24,0,0,0,2,27,27,2,1,27,1
0.0,58123,0.0,1900,udp,INT,1e-06,167,0,255,0,0,0,other,167000000.0,0.0,1,0,0,0,0,0,167.0,0.0,0,0,0.0,0.0,1771531373.789759,1771531373.789759,0.0,0.0,0.0,0.0,0.0,0,24,0,0,0,2,5,5,2,1,1,1
0.0,5353,0.0,5353,udp,INT,39.9613881111145,309,0,255,0,0,0,other,7.732464126141242,0.0,3,0,0,0,0,0,103.0,0.0,0,0,0.023840904235839844,0.0,1771531374.097041,1771531414.058429,19.98069405555725,0.0,0.0,0.0,0.0,1,24,0,0,0,1,27,27,1,1,27,1
0.0,5353,0.0,5353,udp,INT,40.140462160110474,1081,0,255,0,0,0,other,26.930432332546538,0.0,5,0,0,0,0,0,216.2,0.0,0,0,10.278863623409444,0.0,1771531374.097041,1771531414.237503,10.035115540027618,0.0,0.0,0.0,0.0,1,24,0,0,0,1,27,27,1,1,27,1
0.0,5353,0.0,5353,udp,INT,1.0239038467407227,476,0,255,0,0,0,other,464.8874027724351,0.0,3,0,0,0,0,0,158.66666666666666,0.0,0,0,0.1009359359741211,0.0,1771531374.302015,1771531375.325919,0.5119519233703613,0.0,0.0,0.0,0.0,1,24,0,0,0,1,27,27,1,1,27,1
0.0,5353,0.0,5353,udp,INT,37.682485818862915,4556,0,255,0,0,0,other,120.90497484429171,0.0,32,0,0,0,0,0,142.375,0.0,0,0,1.0286485450144227,0.0,1771531375.42983,1771531413.112316,1.2155640586729972,0.0,0.0,0.0,0.0,1,24,0,0,0,1,27,27,1,1,27,1
0.0,57621,0.0,57621,udp,INT,1e-06,86,0,128,0,0,0,other,86000000.0,0.0,1,0,0,0,0,0,86.0,0.0,0,0,0.0,0.0,1771531375.925222,1771531375.925222,0.0,0.0,0.0,0.0,0.0,1,16,0,0,0,1,6,6,1,1,5,1
0.0,5353,0.0,5353,udp,INT,1e-06,173,0,255,0,0,0,other,173000000.0,0.0,1,0,0,0,0,0,173.0,0.0,0,0,0.0,0.0,1771531376.349767,1771531376.349767,0.0,0.0,0.0,0.0,0.0,1,24,0,0,0,1,27,27,1,1,27,1
0.0,51104,0.0,443,tcp,ACC,31.340593814849854,286,226,128,243,0,0,https,9.125545026032244,7.2110950205709345,4,3,510,140,3104995669,1299012597,71.5,75.33333333333333,0,0,14.284634433698612,15.49562156200409,1771531376.802797,1771531408.143391,10.446864604949951,15.496177554130554,0.0,0.0,0.0,0,17,0,0,0,18,2,2,33,18,1,2
0.0,51117,0.0,443,tcp,ACC,31.339597940444946,286,226,128,243,0,0,https,9.125835007312142,7.211324166617287,4,3,509,198,2724862369,1248197105,71.5,75.33333333333333,0,0,14.285072850907117,15.495349049568176,1771531376.803631,1771531408.143229,10.446532646814982,15.495349049568176,0.0,0.0,0.0,0,17,0,0,0,18,2,2,33,18,1,2
0.0,59692,0.0,53,udp,INT,0.004156827926635742,70,146,128,124,0,0,dns,16839.76369371953,35122.93570404359,1,1,0,0,0,0,70.0,146.0,0,0,0.0,0.0,1771531377.178209,1771531377.182366,0.0,0.0,0.0,0.0,0.0,0,16,0,0,0,13,13,13,33,13,1,13
0.0,64715,0.0,53,udp,INT,0.0036759376525878906,70,102,128,124,0,0,dns,19042.760409910494,27748.022311583863,1,1,0,0,0,0,70.0,102.0,0,0,0.0,0.0,1771531377.17869,1771531377.182366,0.0,0.0,0.0,0.0,0.0,0,16,0,0,0,13,13,13,33,13,1,13
0.0,51179,0.0,443,tcp,ACC,0.08433389663696289,1948,178,128,121,0,0,https,23098.659941988342,2110.657838641645,4,3,259,1065,930764344,4153657598,487.0,59.333333333333336,0,0,0.019516651249953942,0.0024265050888061523,1771531377.183465,1771531377.267799,0.014281988143920898,0.021289467811584473,0.041877031326293945,0.08433389663696289,0.041877031326293945,0,17,0,0,0,18,4,4,33,18,1,4
0.0,51180,0.0,443,tcp,ACC,0.07534408569335938,1980,178,128,120,0,0,https,26279.43496531821,2362.494658498304,4,3,259,1048,482377151,528568172,495.0,59.333333333333336,0,0,0.017259169146286068,0.0033025741577148438,1771531377.249872,1771531377.325216,0.012542009353637695,0.01924753189086914,0.036947011947631836,0.07534408569335938,0.036947011947631836,0,17,0,0,0,18,4,4,33,18,1,4
0.0,51163,0.0,443,tcp,ACC,17.84762692451477,1629,1056,128,120,0,0,https,91.27263847959934,59.167529916793676,10,13,512,1126,1294615231,1270066293,162.9,81.23076923076923,0,0,5.395390439660007,4.751556727194331,1771531377.559245,1771531395.406872,1.9787986543443468,1.4841397603352864,0.0,0.0,0.0,0,17,0,0,0,18,1,1,33,18,1,1
0.0,51142,0.0,443,tcp,ACC,31.35254406929016,8541,2323,128,55,0,0,https,272.4180845141022,74.09287089641252,14,17,508,16,1556000911,3341068126,610.0714285714286,136.64705882352942,0,0,8.168481578508485,7.412061851281916,1771531377.803967,1771531409.156511,2.4068499161646915,1.9581968188285828,0.0,0.0,0.0,0,17,0,0,0,18,1,1,33,18,1,1
0.0,65010,0.0,53,udp,INT,0.0032889842987060547,76,144,128,124,0,0,dns,23107.437767306994,43782.51366437115,1,1,0,0,0,0,76.0,144.0,0,0,0.0,0.0,1771531377.818552,1771531377.821841,0.0,0.0,0.0,0.0,0.0,0,16,0,0,0,13,13,13,33,13,1,13
0.0,5353,0.0,5353,udp,INT,33.075443983078,8362,0,1,0,0,0,other,252.8159562809845,0.0,43,0,0,0,0,0,194.46511627906978,0.0,0,0,1.880412878269144,0.0,1771531377.88591,1771531410.961354,0.7875105710256667,0.0,0.0,0.0,0.0,1,14,0,0,0,1,27,27,1,1,27,1
0.0,57621,0.0,57621,udp,INT,29.92069983482361,164,0,64,0,0,0,other,5.4811552171358775,0.0,2,0,0,0,0,0,82.0,0.0,0,0,0.0,0.0,1771531377.988531,1771531407.909231,29.92069983482361,0.0,0.0,0.0,0.0,1,3,0,0,0,2,6,6,2,1,5,1
0.0,50540,0.0,53,udp,INT,0.003147125244140625,80,167,128,124,0,0,dns,25420.024242424242,53064.300606060606,1,1,0,0,0,0,80.0,167.0,0,0,0.0,0.0,1771531378.0888,1771531378.091947,0.0,0.0,0.0,0.0,0.0,0,16,0,0,0,13,13,13,33,13,1,13
0.0,51506,0.0,53,udp,INT,0.0026700496673583984,80,126,128,124,0,0,dns,29961.98946334494,47190.13340476828,1,1,0,0,0,0,80.0,126.0,0,0,0.0,0.0,1771531378.089277,1771531378.091947,0.0,0.0,0.0,0.0,0.0,0,16,0,0,0,13,13,13,33,13,1,13
0.0,51181,0.0,443,tcp,ACC,0.41433000564575195,6885,4396,128,121,0,0,https,16617.188970587387,10609.900176427329,19,21,512,1034,3873160210,805884606,362.36842105263156,209.33333333333334,0,0,0.043944014819289015,0.03055828484832413,1771531378.092846,1771531378.507176,0.02301833364698622,0.017990303039550782,0.03921198844909668,0.3988761901855469,0.03921198844909668,0,17,0,0,0,18,1,1,33,18,1,1
0.0,52214,0.0,53,udp,INT,0.09980607032775879,98,212,128,124,0,0,dns,981.9042036037715,2124.119297591832,1,1,0,0,0,0,98.0,212.0,0,0,0.0,0.0,1771531379.133188,1771531379.232994,0.0,0.0,0.0,0.0,0.0,0,16,0,0,0,13,13,13,33,13,1,13
0.0,5353,0.0,5353,udp,INT,15.8437340259552,580,0,255,0,0,0,other,36.60753197761615,0.0,2,0,0,0,0,0,290.0,0.0,0,0,0.0,0.0,1771531379.142963,1771531394.986697,15.8437340259552,0.0,0.0,0.0,0.0,1,24,0,0,0,1,27,27,1,1,27,1
0.0,51182,0.0,443,tcp,RST,1.4129400253295898,4602,7167,128,45,0,0,https,3257.038457047399,5072.402134215277,12,13,513,0,1516700794,1277763444,383.5,551.3076923076923,0,0,0.13435118556535058,0.13221857699205705,1771531379.233986,1771531380.646926,0.10272546248002486,0.09402040640513103,0.2848081588745117,1.1284990310668945,0.2848081588745117,0,3,0,0,0,18,1,1,33,18,1,1
0.0,63623,0.0,53,udp,INT,0.10951399803161621,72,139,128,124,0,0,dns,657.450200833814,1269.2441377208356,1,1,0,0,0,0,72.0,139.0,0,0,0.0,0.0,1771531379.799728,1771531379.909242,0.0,0.0,0.0,0.0,0.0,0,16,0,0,0,13,13,13,33,13,1,13
0.0,51604,0.0,53,udp,INT,0.10823202133178711,72,155,128,124,0,0,dns,665.2375065534698,1432.1085210526085,1,1,0,0,0,0,72.0,155.0,0,0,0.0,0.0,1771531379.800317,1771531379.908549,0.0,0.0,0.0,0.0,0.0,0,16,0,0,0,13,13,13,33,13,1,13
0.0,51183,0.0,443,tcp,ACC,10.076281070709229,3650,6983,128,43,0,0,https,362.23681876145713,693.0136179208918,11,11,516,501,1897792419,3084912219,331.8181818181818,634.8181818181819,0,0,2.783588864894788,2.8048650467363863,1771531379.910166,1771531389.986447,1.0076281070709228,0.9851243019104003,0.22506403923034668,10.076211929321289,0.22506403923034668,0,17,0,0,0,18,1,1,33,18,1,1
0.0,55334,0.0,53,udp,INT,0.003879070281982422,70,146,128,124,0,0,dns,18045.561155500924,37637.884695759065,1,1,0,0,0,0,70.0,146.0,0,0,0.0,0.0,1771531381.112031,1771531381.11591,0.0,0.0,0.0,0.0,0.0,0,16,0,0,0,13,13,13,33,13,1,13
0.0,57384,0.0,53,udp,INT,0.00347900390625,70,102,128,124,0,0,dns,20120.701754385966,29318.736842105263,1,1,0,0,0,0,70.0,102.0,0,0,0.0,0.0,1771531381.112431,1771531381.11591,0.0,0.0,0.0,0.0,0.0,0,16,0,0,0,13,13,13,33,13,1,13
0.0,51184,0.0,443,tcp,ACC,0.09713983535766602,2012,178,128,120,0,0,https,20712.40899875808,1832.409941242017,4,3,512,1048,2331385415,2254221457,503.0,59.333333333333336,0,0,0.022658014733389985,2.5272369384765625e-05,1771531381.11697,1771531381.21411,0.016327619552612305,0.024425506591796875,0.04836893081665039,0.09713983535766602,0.04836893081665039,0,17,0,0,0,18,5,5,33,18,1,5
0.0,5353,0.0,5353,udp,INT,1e-06,289,0,255,0,0,0,other,289000000.0,0.0,1,0,0,0,0,0,289.0,0.0,0,0,0.0,0.0,1771531381.162609,1771531381.162609,0.0,0.0,0.0,0.0,0.0,1,24,0,0,0,2,27,27,2,1,27,1
0.0,51185,0.0,443,tcp,ACC,0.07663583755493164,2044,178,128,120,0,0,https,26671.594716178126,2322.6731210761773,4,3,512,1048,3260364651,562767105,511.0,59.333333333333336,0,0,0.017896954716912775,0.0032265186309814453,1771531381.190442,1771531381.267078,0.012964328130086264,0.01922440528869629,0.03827190399169922,0.07663583755493164,0.03827190399169922,0,17,0,0,0,18,5,5,33,18,1,5
0.0,57457,0.0,53,udp,INT,0.0034189224243164062,70,146,128,124,0,0,dns,20474.28730822873,42703.51352859135,1,1,0,0,0,0,70.0,146.0,0,0,0.0,0.0,1771531381.651827,1771531381.655246,0.0,0.0,0.0,0.0,0.0,0,16,0,0,0,13,13,13,33,13,1,13
0.0,56672,0.0,53,udp,INT,0.0028710365295410156,70,102,128,124,0,0,dns,24381.438299285834,35527.23866467364,1,1,0,0,0,0,70.0,102.0,0,0,0.0,0.0,1771531381.652375,1771531381.655246,0.0,0.0,0.0,0.0,0.0,0,16,0,0,0,13,13,13,33,13,1,13
0.0,51186,0.0,443,tcp,RST,0.07584404945373535,1948,178,128,120,0,0,https,25684.282603980348,2346.9211003637074,4,3,512,0,1091194996,3700444755,487.0,59.333333333333336,0,0,0.017465289936525026,0.003206968307495117,1771531381.65636,1771531381.732204,0.012776374816894531,0.019237995147705078,0.03747105598449707,0.037368059158325195,0.03747105598449707,0,3,0,0,0,18,5,5,33,18,1,5
0.0,51187,0.0,443,tcp,RST,0.07498693466186523,2012,178,128,121,0,0,https,26831.340807203404,2373.746850736683,4,3,512,0,2861432257,1153832795,503.0,59.333333333333336,0,0,0.01724687463988235,0.0041010379791259766,1771531381.717108,1771531381.792095,0.012599627176920572,0.019088029861450195,0.03698587417602539,0.036810874938964844,0.03698587417602539,0,3,0,0,0,18,5,5,33,18,1,5
0.0,64067,0.0,5355,udp,INT,0.5118839740753174,138,0,1,0,0,0,other,269.5923431658265,0.0,2,0,0,0,0,0,69.0,0.0,0,0,0.0,0.0,1771531382.596302,1771531383.108186,0.5118839740753174,0.0,0.0,0.0,0.0,0,14,0,0,0,8,6,6,8,6,1,6
0.0,51188,0.0,7680,tcp,ACC,15.028378963470459,330,0,128,0,0,0,other,21.958456118396555,0.0,5,0,64240,0,2542002532,0,66.0,0.0,0,0,2.6781556912601965,0.0,1771531382.606846,1771531397.635225,3.7570947408676147,0.0,0.0,0.0,0.0,0,17,0,0,0,2,1,1,33,1,1,1
0.0,5353,0.0,5353,udp,INT,19.865746021270752,238,0,255,0,0,0,other,11.980420959030052,0.0,2,0,0,0,0,0,119.0,0.0,0,0,0.0,0.0,1771531382.800961,1771531402.666707,19.865746021270752,0.0,0.0,0.0,0.0,1,24,0,0,0,2,27,27,2,1,27,1
0.0,56942,0.0,5355,udp,INT,0.4095189571380615,138,0,1,0,0,0,other,336.98073701988824,0.0,2,0,0,0,0,0,69.0,0.0,0,0,0.0,0.0,1771531383.51789,1771531383.927409,0.4095189571380615,0.0,0.0,0.0,0.0,0,14,0,0,0,8,6,6,8,6,1,6
0.0,5353,0.0,5353,udp,INT,20.070449829101562,238,0,255,0,0,0,other,11.858229487956319,0.0,2,0,0,0,0,0,119.0,0.0,0,0,0.0,0.0,1771531384.439331,1771531404.509781,20.070449829101562,0.0,0.0,0.0,0.0,1,24,0,0,0,2,27,27,2,1,27,1
0.0,5353,0.0,5353,udp,INT,20.070513010025024,238,0,255,0,0,0,other,11.858192158871143,0.0,2,0,0,0,0,0,119.0,0.0,0,0,0.0,0.0,1771531385.463329,1771531405.533842,20.070513010025024,0.0,0.0,0.0,0.0,1,24,0,0,0,1,27,27,1,1,27,1
0.0,5353,0.0,5353,udp,INT,3.9351699352264404,671,0,255,0,0,0,other,170.51360196504166,0.0,4,0,0,0,0,0,167.75,0.0,0,0,1.1432967579328475,0.0,1771531387.306638,1771531391.241808,1.3117233117421467,0.0,0.0,0.0,0.0,1,24,0,0,0,1,27,27,1,1,27,1
0.0,5353,0.0,5353,udp,INT,9.933042049407959,1250,0,1,0,0,0,other,125.84261636892033,0.0,17,0,0,0,0,0,73.52941176470588,0.0,0,0,1.057700617467357,0.0,1771531388.637819,1771531398.570861,0.6208151280879974,0.0,0.0,0.0,0.0,1,14,0,0,0,8,27,27,8,1,27,1
0.0,137,0.0,137,udp,INT,10.564228057861328,1104,0,128,0,0,0,other,104.50361294296962,0.0,12,0,0,0,0,0,92.0,0.0,0,0,2.1000906063862463,0.0,1771531388.970783,1771531399.535011,0.9603843688964844,0.0,0.0,0.0,0.0,1,16,0,0,0,8,6,6,8,1,1,1
0.0,53405,0.0,5355,udp,INT,0.5855109691619873,128,0,1,0,0,0,other,218.61247139946843,0.0,2,0,0,0,0,0,64.0,0.0,0,0,0.0,0.0,1771531388.974154,1771531389.559665,0.5855109691619873,0.0,0.0,0.0,0.0,0,14,0,0,0,8,6,6,8,6,1,6
0.0,53626,0.0,5355,udp,INT,0.577584981918335,128,0,1,0,0,0,other,221.61241030691824,0.0,2,0,0,0,0,0,64.0,0.0,0,0,0.0,0.0,1771531388.98208,1771531389.559665,0.577584981918335,0.0,0.0,0.0,0.0,0,14,0,0,0,8,6,6,8,6,1,6
0.0,57255,0.0,53,udp,INT,0.0067708492279052734,76,144,128,124,0,0,dns,11224.58903482517,21267.642381774007,1,1,0,0,0,0,76.0,144.0,0,0,0.0,0.0,1771531389.006282,1771531389.013053,0.0,0.0,0.0,0.0,0.0,0,16,0,0,0,13,13,13,33,13,1,13
0.0,36379,0.0,1900,udp,INT,1e-06,167,0,1,0,0,0,other,167000000.0,0.0,1,0,0,0,0,0,167.0,0.0,0,0,0.0,0.0,1771531389.118927,1771531389.118927,0.0,0.0,0.0,0.0,0.0,0,14,0,0,0,2,5,5,2,1,1,1
0.0,5353,0.0,5353,udp,INT,19.968078136444092,158,0,255,0,0,0,other,7.9126292936339935,0.0,2,0,0,0,0,0,79.0,0.0,0,0,0.0,0.0,1771531389.661758,1771531409.629836,19.968078136444092,0.0,0.0,0.0,0.0,1,24,0,0,0,1,27,27,1,1,27,1
0.0,5353,0.0,5353,udp,INT,2.9564809799194336,246,0,1,0,0,0,other,83.20702946200036,0.0,3,0,0,0,0,0,82.0,0.0,0,0,0.4542274475097656,0.0,1771531391.607377,1771531394.563858,1.4782404899597168,0.0,0.0,0.0,0.0,1,14,0,0,0,1,27,27,1,1,27,1
0.0,5353,0.0,5353,udp,INT,15.909075021743774,755,0,255,0,0,0,other,47.45719024947092,0.0,5,0,0,0,0,0,151.0,0.0,0,0,2.5656881599501413,0.0,1771531394.057866,1771531409.966941,3.9772687554359436,0.0,0.0,0.0,0.0,1,24,0,0,0,1,27,27,1,1,27,1
0.0,5353,0.0,5353,udp,INT,1.024048089981079,789,0,255,0,0,0,other,770.4716289393969,0.0,5,0,0,0,0,0,157.8,0.0,0,0,0.03686772332163347,0.0,1771531394.269774,1771531395.293822,0.2560120224952698,0.0,0.0,0.0,0.0,1,24,0,0,0,1,27,27,1,1,27,1
0.0,58903,0.0,5355,udp,INT,0.5783491134643555,128,0,1,0,0,0,other,221.3196095923277,0.0,2,0,0,0,0,0,64.0,0.0,0,0,0.0,0.0,1771531397.992512,1771531398.570861,0.5783491134643555,0.0,0.0,0.0,0.0,0,14,0,0,0,8,6,6,8,6,1,6
0.0,51968,0.0,5355,udp,INT,0.5783491134643555,128,0,1,0,0,0,other,221.3196095923277,0.0,2,0,0,0,0,0,64.0,0.0,0,0,0.0,0.0,1771531397.992512,1771531398.570861,0.5783491134643555,0.0,0.0,0.0,0.0,0,14,0,0,0,8,6,6,8,6,1,6
0.0,57621,0.0,57621,udp,INT,1e-06,82,0,64,0,0,0,other,82000000.0,0.0,1,0,0,0,0,0,82.0,0.0,0,0,0.0,0.0,1771531400.823453,1771531400.823453,0.0,0.0,0.0,0.0,0.0,1,3,0,0,0,2,6,6,2,1,5,1
0.0,41407,0.0,1900,udp,INT,1e-06,167,0,1,0,0,0,other,167000000.0,0.0,1,0,0,0,0,0,167.0,0.0,0,0,0.0,0.0,1771531400.925782,1771531400.925782,0.0,0.0,0.0,0.0,0.0,0,14,0,0,0,2,5,5,2,1,1,1
0.0,5353,0.0,5353,udp,INT,3.7888779640197754,1254,0,255,0,0,0,other,330.96869624947755,0.0,6,0,0,0,0,0,209.0,0.0,0,0,0.6802023486978821,0.0,1771531401.130577,1771531404.919455,0.7577755928039551,0.0,0.0,0.0,0.0,1,24,0,0,0,1,27,27,1,1,27,1
0.0,57621,0.0,57621,udp,INT,1e-06,86,0,128,0,0,0,other,86000000.0,0.0,1,0,0,0,0,0,86.0,0.0,0,0,0.0,0.0,1771531403.588195,1771531403.588195,0.0,0.0,0.0,0.0,0.0,1,16,0,0,0,2,6,6,2,1,5,1
0.0,5353,0.0,5353,udp,INT,1e-06,465,0,255,0,0,0,other,465000000.0,0.0,1,0,0,0,0,0,465.0,0.0,0,0,0.0,0.0,1771531405.73865,1771531405.73865,0.0,0.0,0.0,0.0,0.0,1,24,0,0,0,1,27,27,1,1,27,1
0.0,51140,0.0,5228,tcp,ACC,0.14377188682556152,55,66,128,120,0,0,other,382.5504499828365,459.06053997940376,1,1,510,1046,3722641677,1027871103,55.0,66.0,0,0,0.0,0.0,1771531406.699224,1771531406.842996,0.0,0.0,0.0,0.0,0.0,0,17,0,0,0,2,1,1,33,1,1,1
0.0,51189,0.0,443,tcp,ACC,0.07737302780151367,2012,178,128,121,0,0,https,26003.89382668877,2300.5432908303187,4,3,259,1048,3556744088,1139802126,503.0,59.333333333333336,0,0,0.017708127634083057,0.004006028175354004,1771531410.400132,1771531410.477505,0.012952009836832682,0.019744038581848145,0.03799009323120117,0.07737302780151367,0.03799009323120117,0,17,0,0,0,18,4,4,33,18,1,4
0.0,51190,0.0,443,tcp,ACC,0.07732105255126953,2044,178,128,121,0,0,https,26435.23248270163,2302.0897171824317,4,3,259,1048,3857828590,1597604062,511.0,59.333333333333336,0,0,0.017447624169748738,0.004432082176208496,1771531410.462547,1771531410.539868,0.012652953465779623,0.02004110813140869,0.03732490539550781,0.07732105255126953,0.03732490539550781,0,17,0,0,0,18,4,4,33,18,1,4
0.0,5353,0.0,5353,udp,INT,1.050523042678833,273,0,255,0,0,0,other,259.8705491541149,0.0,2,0,0,0,0,0,136.5,0.0,0,0,0.0,0.0,1771531411.241684,1771531412.292207,1.050523042678833,0.0,0.0,0.0,0.0,1,24,0,0,0,1,27,27,1,1,27,1
0.0,57621,0.0,57621,udp,INT,1e-06,82,0,64,0,0,0,other,82000000.0,0.0,1,0,0,0,0,0,82.0,0.0,0,0,0.0,0.0,1771531411.31048,1771531411.31048,0.0,0.0,0.0,0.0,0.0,1,3,0,0,0,2,6,6,2,1,5,1
0.0,49667,0.0,3702,udp,INT,1.083622932434082,4480,0,1,0,0,0,other,4134.279430518164,0.0,4,0,0,0,0,0,1120.0,0.0,0,0,0.1253041656580204,0.0,1771531412.701966,1771531413.785589,0.36120764414469403,0.0,0.0,0.0,0.0,0,14,0,0,0,2,5,5,2,1,1,1
0.0,5353,0.0,5353,udp,INT,1.3309471607208252,481,0,1,0,0,0,other,361.39676629949463,0.0,5,0,0,0,0,0,96.2,0.0,0,0,0.5763170261395024,0.0,1771531413.112316,1771531414.443263,0.3327367901802063,0.0,0.0,0.0,0.0,1,14,0,0,0,2,27,27,2,1,27,1
0.0,51126,0.0,443,tcp,ACC,0.02267003059387207,55,66,128,55,0,0,https,2426.1105326812853,2911.3326392175422,1,1,508,16,1023813793,1198812514,55.0,66.0,0,0,0.0,0.0,1771531413.211237,1771531413.233907,0.0,0.0,0.0,0.0,0.0,0,17,0,0,0,18,2,2,33,18,1,2
0.0,51133,0.0,443,tcp,ACC,0.02248096466064453,55,66,128,55,0,0,https,2446.5142323845075,2935.8170788614093,1,1,508,18,2216250016,2587254594,55.0,66.0,0,0,0.0,0.0,1771531414.139177,1771531414.161658,0.0,0.0,0.0,0.0,0.0,0,17,0,0,0,18,2,2,33,18,1,2
0.0,51191,0.0,443,tcp,ACC,1e-06,66,0,128,0,0,0,https,66000000.0,0.0,1,0,64240,0,1583035008,0,66.0,0.0,0,0,0.0,0.0,1771531414.432117,1771531414.432117,0.0,0.0,0.0,0.0,0.0,0,17,0,0,0,18,5,5,33,18,1,5
